game,app_id,date,avg_ccu,peak_ccu,source,review_count,positive_count,negative_count,positive_ratio,avg_sentiment_score,avg_ccu_change,avg_ccu_pct_change,peak_ccu_change
Dota 2,570,2012-07-01,52721.05,75041,steamcharts,,,,,,,,
Dota 2,570,2012-08-01,55768.61,108689,steamcharts,,,,,,3047.5599999999977,0.05780537375488537,33648.0
Dota 2,570,2012-09-01,61867.68,118724,steamcharts,,,,,,6099.07,0.1093638518155644,10035.0
Dota 2,570,2012-10-01,75965.44,171860,steamcharts,,,,,,14097.760000000002,0.22786954351609756,53136.0
Dota 2,570,2012-11-01,101077.43,169631,steamcharts,,,,,,25111.98999999999,0.3305712439762081,-2229.0
Dota 2,570,2012-12-01,121924.42,213521,steamcharts,,,,,,20846.990000000005,0.20624772513507716,43890.0
Dota 2,570,2013-01-01,147748.14,260989,steamcharts,,,,,,25823.720000000016,0.2118010485512256,47468.0
Dota 2,570,2013-02-01,166972.97,283870,steamcharts,,,,,,19224.829999999987,0.1301189307696191,22881.0
Dota 2,570,2013-03-01,180878.9,325598,steamcharts,,,,,,13905.929999999993,0.08328252171593986,41728.0
Dota 2,570,2013-04-01,174835.73,299667,steamcharts,,,,,,-6043.169999999984,-0.0334100329004654,-25931.0
Dota 2,570,2013-05-01,194363.84,325815,steamcharts,,,,,,19528.109999999986,0.11169404560497997,26148.0
Dota 2,570,2013-06-01,210224.82,326160,steamcharts,,,,,,15860.98000000001,0.08160458241615309,345.0
Dota 2,570,2013-07-01,237800.08,422617,steamcharts,,,,,,27575.25999999998,0.13117033469216421,96457.0
Dota 2,570,2013-08-01,330720.07,520532,steamcharts,,,,,,92919.99000000002,0.3907483546683417,97915.0
Dota 2,570,2013-09-01,312424.76,566715,steamcharts,,,,,,-18295.309999999998,-0.05531962423689618,46183.0
Dota 2,570,2013-10-01,329677.64,581615,steamcharts,,,,,,17252.880000000005,0.055222511813724395,14900.0
Dota 2,570,2013-11-01,348246.37,702792,steamcharts,,,,,,18568.72999999998,0.056323898702987485,121177.0
Dota 2,570,2013-12-01,366606.49,685503,steamcharts,,,,,,18360.119999999995,0.05272164071659957,-17289.0
Dota 2,570,2014-01-01,393860.32,673496,steamcharts,,,,,,27253.830000000016,0.07434082795424612,-12007.0
Dota 2,570,2014-02-01,421114.2,738682,steamcharts,,,,,,27253.880000000005,0.06919681576453307,65186.0
Dota 2,570,2014-03-01,409755.56,698197,steamcharts,,,,,,-11358.640000000014,-0.026972825898533004,-40485.0
Dota 2,570,2014-04-01,421710.21,734998,steamcharts,,,,,,11954.650000000023,0.029175076965398672,36801.0
Dota 2,570,2014-05-01,482387.24,843024,steamcharts,,,,,,60677.02999999997,0.1438832367848053,108026.0
Dota 2,570,2014-06-01,513783.06,833145,steamcharts,,,,,,31395.820000000007,0.06508426715433013,-9879.0
Dota 2,570,2014-07-01,537018.66,874975,steamcharts,,,,,,23235.600000000035,0.04522453504013946,41830.0
Dota 2,570,2014-08-01,490883.89,774319,steamcharts,,,,,,-46134.77000000002,-0.08590906319717084,-100656.0
Dota 2,570,2014-09-01,477998.45,864261,steamcharts,,,,,,-12885.440000000002,-0.026249466039718672,89942.0
Dota 2,570,2014-10-01,495693.04,880655,steamcharts,,,,,,17694.589999999967,0.037018090749038945,16394.0
Dota 2,570,2014-11-01,528789.8,963810,steamcharts,,,,,,33096.76000000007,0.0667686598948416,83155.0
Dota 2,570,2014-12-01,523940.32,936583,steamcharts,,,,,,-4849.48000000004,-0.00917090306961299,-27227.0
Dota 2,570,2015-01-01,558504.33,961737,steamcharts,,,,,,34564.00999999995,0.06596936460244174,25154.0
Dota 2,570,2015-02-01,628970.41,1262612,steamcharts,,,,,,70466.08000000007,0.12616926353999802,300875.0
Dota 2,570,2015-03-01,571713.15,1213940,steamcharts,,,,,,-57257.26000000001,-0.09103331268000348,-48672.0
Dota 2,570,2015-04-01,526061.73,929677,steamcharts,,,,,,-45651.42000000004,-0.079850218593013,-284263.0
Dota 2,570,2015-05-01,580348.42,967674,steamcharts,,,,,,54286.69000000006,0.10319452433842713,37997.0
Dota 2,570,2015-06-01,568448.32,913997,steamcharts,,,,,,-11900.100000000093,-0.020505095887053626,-53677.0
Dota 2,570,2015-07-01,554991.01,877264,steamcharts,,,,,,-13457.30999999994,-0.023673761583110964,-36733.0
Dota 2,570,2015-08-01,606943.98,933942,steamcharts,,,,,,51952.96999999997,0.09361047127592204,56678.0
Dota 2,570,2015-09-01,508156.85,888728,steamcharts,,,,,,-98787.13,-0.1627615286669455,-45214.0
Dota 2,570,2015-10-01,521941.72,917306,steamcharts,,,,,,13784.869999999995,0.02712719507766148,28578.0
Dota 2,570,2015-11-01,539536.33,943635,steamcharts,,,,,,17594.609999999986,0.03370991305312776,26329.0
Dota 2,570,2015-12-01,573344.25,999452,steamcharts,,,,,,33807.92000000004,0.06266106306502106,55817.0
Dota 2,570,2016-01-01,612174.78,1067949,steamcharts,,,,,,38830.53000000003,0.06772637904714318,68497.0
Dota 2,570,2016-02-01,709178.26,1248394,steamcharts,,,,,,97003.47999999998,0.15845716479858907,180445.0
Dota 2,570,2016-03-01,672554.89,1291328,steamcharts,,,,,,-36623.369999999995,-0.0516419806777495,42934.0
Dota 2,570,2016-04-01,656944.37,1164041,steamcharts,,,,,,-15610.520000000019,-0.02321077466257071,-127287.0
Dota 2,570,2016-05-01,623798.67,1075307,steamcharts,,,,,,-33145.69999999995,-0.05045434821216288,-88734.0
Dota 2,570,2016-06-01,640226.98,1095994,steamcharts,,,,,,16428.30999999994,0.026335917003478038,20687.0
Dota 2,570,2016-07-01,638212.65,1084198,steamcharts,,,,,,-2014.329999999958,-0.003146274778985325,-11796.0
Dota 2,570,2016-08-01,666013.05,1117519,steamcharts,,,,,,27800.400000000023,0.04355977588347715,33321.0
Dota 2,570,2016-09-01,622583.9,1064377,steamcharts,,,,,,-43429.15000000002,-0.06520765621634594,-53142.0
Dota 2,570,2016-10-01,639355.14,1141191,steamcharts,,,,,,16771.23999999999,0.02693812030796172,76814.0
Dota 2,570,2016-11-01,584251.33,1007270,steamcharts,,,,,,-55103.810000000056,-0.08618654414821791,-133921.0
Dota 2,570,2016-12-01,593920.6,1014671,steamcharts,,,,,,9669.270000000019,0.01654984679281779,7401.0
Dota 2,570,2017-01-01,580281.47,1007451,steamcharts,,,,,,-13639.130000000005,-0.022964567991074936,-7220.0
Dota 2,570,2017-02-01,591567.25,1040877,steamcharts,,,,,,11285.780000000028,0.0194488030093396,33426.0
Dota 2,570,2017-03-01,548435.44,956232,steamcharts,,,,,,-43131.810000000056,-0.07291108491891674,-84645.0
Dota 2,570,2017-04-01,540278.03,921318,steamcharts,,,,,,-8157.409999999916,-0.014873965839990011,-34914.0
Dota 2,570,2017-05-01,567526.42,972876,steamcharts,,,,,,27248.390000000014,0.050434014501755664,51558.0
Dota 2,570,2017-06-01,555289.07,923122,steamcharts,,,,,,-12237.350000000093,-0.021562608486139,-49754.0
Dota 2,570,2017-07-01,498444.38,824297,steamcharts,,,,,,-56844.689999999944,-0.10236954600961257,-98825.0
Dota 2,570,2017-08-01,556496.3,876395,steamcharts,,,,,,58051.92000000004,0.11646619428229887,52098.0
Dota 2,570,2017-09-01,491450.16,829555,steamcharts,,,,,,-65046.14000000007,-0.1168851257411776,-46840.0
Dota 2,570,2017-10-01,466126.79,832550,steamcharts,,,,,,-25323.369999999995,-0.051527849741670684,2995.0
Dota 2,570,2017-11-01,487381.24,861173,steamcharts,,,,,,21254.45000000001,0.0455980013506625,28623.0
Dota 2,570,2017-12-01,513074.33,864939,steamcharts,,,,,,25693.090000000026,0.052716616667477956,3766.0
Dota 2,570,2018-01-01,486861.91,778627,steamcharts,,,,,,-26212.420000000042,-0.051088932864756686,-86312.0
Dota 2,570,2018-02-01,438847.72,779299,steamcharts,,,,,,-48014.19,-0.09861972977101452,672.0
Dota 2,570,2018-03-01,437262.35,773897,steamcharts,,,,,,-1585.3699999999953,-0.003612574311654182,-5402.0
Dota 2,570,2018-04-01,430340.94,733214,steamcharts,,,,,,-6921.409999999974,-0.01582896400753453,-40683.0
Dota 2,570,2018-05-01,474325.87,844713,steamcharts,,,,,,43984.92999999999,0.10220949463929685,111499.0
Dota 2,570,2018-06-01,473900.0,796886,steamcharts,,,,,,-425.86999999999534,-0.0008978426582552101,-47827.0
Dota 2,570,2018-07-01,441714.35,701582,steamcharts,,,,,,-32185.650000000023,-0.06791654357459387,-95304.0
Dota 2,570,2018-08-01,476101.08,829281,steamcharts,,,,,,34386.73000000004,0.07784834248649619,127699.0
Dota 2,570,2018-09-01,466470.74,826166,steamcharts,,,,,,-9630.340000000026,-0.020227511351161076,-3115.0
Dota 2,570,2018-10-01,431173.91,739643,steamcharts,,,,,,-35296.830000000016,-0.07566783288486656,-86523.0
Dota 2,570,2018-11-01,461073.48,826053,steamcharts,,,,,,29899.570000000007,0.06934457142826655,86410.0
Dota 2,570,2018-12-01,439367.83,765422,steamcharts,,,,,,-21705.649999999965,-0.04707633585865745,-60631.0
Dota 2,570,2019-01-01,475747.0,874888,steamcharts,,,,,,36379.169999999984,0.08279889312788336,109466.0
Dota 2,570,2019-02-01,564909.67,964921,steamcharts,,,,,,89162.67000000004,0.18741614765831427,90033.0
Dota 2,570,2019-03-01,586505.85,1033925,steamcharts,,,,,,21596.179999999935,0.03822943940754264,69004.0
Dota 2,570,2019-04-01,520218.98,971545,steamcharts,,,,,,-66286.87,-0.11301996390999336,-62380.0
Dota 2,570,2019-05-01,548523.18,997341,steamcharts,,,,,,28304.20000000007,0.05440824169852476,25796.0
Dota 2,570,2019-06-01,507528.44,865374,steamcharts,,,,,,-40994.74000000005,-0.07473656810638352,-131967.0
Dota 2,570,2019-07-01,464787.61,779160,steamcharts,,,,,,-42740.830000000016,-0.08421366495245075,-86214.0
Dota 2,570,2019-08-01,467148.29,826690,steamcharts,,,,,,2360.679999999993,0.005079051053017425,47530.0
Dota 2,570,2019-09-01,421971.24,753996,steamcharts,,,,,,-45177.04999999999,-0.09670815663266152,-72694.0
Dota 2,570,2019-10-01,388355.86,739924,steamcharts,,,,,,-33615.380000000005,-0.07966272772523553,-14072.0
Dota 2,570,2019-11-01,401931.8,708517,steamcharts,,,,,,13575.940000000002,0.03495747431234841,-31407.0
Dota 2,570,2019-12-01,384179.76,685165,steamcharts,,,,,,-17752.03999999998,-0.044166796456513224,-23352.0
Dota 2,570,2020-01-01,378925.43,616415,steamcharts,,,,,,-5254.330000000016,-0.013676748613721923,-68750.0
Dota 2,570,2020-02-01,405978.65,663812,steamcharts,,,,,,27053.22000000003,0.07139457491675882,47397.0
Dota 2,570,2020-03-01,437147.36,743933,steamcharts,,,,,,31168.709999999963,0.07677425894194179,80121.0
Dota 2,570,2020-04-01,493300.27,801121,steamcharts,,,,,,56152.91000000003,0.1284530461307145,57188.0
Dota 2,570,2020-05-01,484189.02,793135,steamcharts,,,,,,-9111.25,-0.018469987863578452,-7986.0
Dota 2,570,2020-06-01,457184.42,733294,steamcharts,,,,,,-27004.600000000035,-0.055772846728329384,-59841.0
Dota 2,570,2020-07-01,450213.99,712610,steamcharts,,,,,,-6970.429999999993,-0.015246429438693476,-20684.0
Dota 2,570,2020-08-01,429717.12,666138,steamcharts,,,,,,-20496.869999999995,-0.045526950417511425,-46472.0
Dota 2,570,2020-09-01,408609.78,670547,steamcharts,,,,,,-21107.339999999967,-0.049119150756665175,4409.0
Dota 2,570,2020-10-01,406361.36,723280,steamcharts,,,,,,-2248.420000000042,-0.005502609359962052,52733.0
Dota 2,570,2020-11-01,425904.83,711824,steamcharts,,,,,,19543.47000000003,0.04809381974703508,-11456.0
Dota 2,570,2020-12-01,422552.32,697833,steamcharts,,,,,,-3352.5100000000093,-0.007871500306770418,-13991.0
Dota 2,570,2021-01-01,432671.65,694613,steamcharts,,,,,,10119.330000000016,0.02394811132500707,-3220.0
Dota 2,570,2021-02-01,404832.13,651615,steamcharts,,,,,,-27839.52000000002,-0.064343295891931,-42998.0
Dota 2,570,2021-03-01,390412.76,648875,steamcharts,,,,,,-14419.369999999995,-0.03561814621779158,-2740.0
Dota 2,570,2021-04-01,413784.97,705534,steamcharts,,,,,,23372.209999999963,0.05986538452278034,56659.0
Dota 2,570,2021-05-01,415144.96,672307,steamcharts,,,,,,1359.990000000049,0.00328670710296719,-33227.0
Dota 2,570,2021-06-01,421509.96,734277,steamcharts,,,,,,6365.0,0.015331993913644038,61970.0
Dota 2,570,2021-07-01,423156.18,707406,steamcharts,,,,,,1646.219999999972,0.0039055304885322606,-26871.0
Dota 2,570,2021-08-01,424980.17,699613,steamcharts,,,,,,1823.9899999999907,0.004310441596292014,-7793.0
Dota 2,570,2021-09-01,391082.08,666838,steamcharts,,,,,,-33898.08999999997,-0.07976393345600097,-32775.0
Dota 2,570,2021-10-01,450761.44,752482,steamcharts,,,,,,59679.359999999986,0.1526005998536164,85644.0
Dota 2,570,2021-11-01,448860.53,747506,steamcharts,,,,,,-1900.9099999999744,-0.004217108721633278,-4976.0
Dota 2,570,2021-12-01,449297.37,756170,steamcharts,,,,,,436.8399999999674,0.0009732198997314256,8664.0
Dota 2,570,2022-01-01,485791.43,786118,steamcharts,,,,,,36494.06,0.08122473541298492,29948.0
Dota 2,570,2022-02-01,450200.14,725851,steamcharts,,,,,,-35591.28999999998,-0.0732645489443895,-60267.0
Dota 2,570,2022-03-01,448723.6,740784,steamcharts,,,,,,-1476.5400000000373,-0.0032797413168286216,14933.0
Dota 2,570,2022-04-01,451826.77,730168,steamcharts,,,,,,3103.170000000042,0.006915548903601243,-10616.0
Dota 2,570,2022-05-01,446916.9,691586,steamcharts,,,,,,-4909.869999999995,-0.010866708938029546,-38582.0
Dota 2,570,2022-06-01,458143.51,699592,steamcharts,,,,,,11226.609999999986,0.025120128596613833,8006.0
Dota 2,570,2022-07-01,444594.56,684842,steamcharts,,,,,,-13548.950000000012,-0.02957359365409329,-14750.0
Dota 2,570,2022-08-01,468466.87,747231,steamcharts,,,,,,23872.309999999998,0.05369456162486563,62389.0
Dota 2,570,2022-09-01,490724.86,867484,steamcharts,,,,,,22257.98999999999,0.04751241000244044,120253.0
Dota 2,570,2022-10-01,456302.65,1038848,steamcharts,,,,,,-34422.20999999996,-0.0701456412866468,171364.0
Dota 2,570,2022-11-01,523684.06,990057,steamcharts,,,,,,67381.40999999997,0.14766824168126136,-48791.0
Dota 2,570,2022-12-01,468545.02,827395,steamcharts,,,,,,-55139.03999999998,-0.10529065941017945,-162662.0
Dota 2,570,2023-01-01,428296.61,764490,steamcharts,,,,,,-40248.41000000003,-0.08590083830151485,-62905.0
Dota 2,570,2023-02-01,401847.04,680746,steamcharts,,,,,,-26449.570000000007,-0.061755263484340905,-83744.0
Dota 2,570,2023-03-01,418744.49,752617,steamcharts,,,,,,16897.45000000001,0.042049457425392456,71871.0
Dota 2,570,2023-04-01,429226.47,809580,steamcharts,,,,,,10481.979999999981,0.025031923405129497,56963.0
Dota 2,570,2023-05-01,433220.69,711816,steamcharts,,,,,,3994.2200000000303,0.009305623672277274,-97764.0
Dota 2,570,2023-06-01,421336.42,679525,steamcharts,,,,,,-11884.270000000019,-0.027432369400455014,-32291.0
Dota 2,570,2023-07-01,438510.22,702381,steamcharts,,,,,,17173.79999999999,0.04076030265790931,22856.0
Dota 2,570,2023-08-01,444319.24,855495,steamcharts,,,,,,5809.020000000019,0.013247171297398719,153114.0
Dota 2,570,2023-09-01,437273.4,777466,steamcharts,,,,,,-7045.839999999967,-0.015857607246537397,-78029.0
Dota 2,570,2023-10-01,435620.98,780443,steamcharts,,,,,,-1652.420000000042,-0.00377891726320434,2977.0
Dota 2,570,2023-11-01,433727.63,767353,steamcharts,,,,,,-1893.3499999999767,-0.004346324183008732,-13090.0
Dota 2,570,2023-12-01,435517.65,802728,steamcharts,,,,,,1790.0200000000186,0.004127060109128999,35375.0
Dota 2,570,2024-01-01,440229.36,736488,steamcharts,,,,,,4711.709999999963,0.01081864305614233,-66240.0
Dota 2,570,2024-02-01,427922.41,741290,steamcharts,,,,,,-12306.950000000012,-0.02795576832949087,4802.0
Dota 2,570,2024-03-01,428918.55,729865,steamcharts,,,,,,996.140000000014,0.0023278519112845952,-11425.0
Dota 2,570,2024-04-01,456550.81,921133,steamcharts,,,,,,27632.26000000001,0.06442309384847089,191268.0
Dota 2,570,2024-05-01,512919.2,943059,steamcharts,,,,,,56368.390000000014,0.1234657540088473,21926.0
Dota 2,570,2024-06-01,486674.34,869492,steamcharts,,,,,,-26244.859999999986,-0.05116763030122484,-73567.0
Dota 2,570,2024-07-01,475393.65,801126,steamcharts,,,,,,-11280.690000000002,-0.02317913453172815,-68366.0
Dota 2,570,2024-08-01,449798.09,734381,steamcharts,,,,,,-25595.559999999998,-0.053840769644272646,-66745.0
Dota 2,570,2024-09-01,426811.67,726385,steamcharts,,,,,,-22986.420000000042,-0.05110386306887171,-7996.0
Dota 2,570,2024-10-01,410681.51,706726,steamcharts,,,,,,-16130.159999999974,-0.037792218755405615,-19659.0
Dota 2,570,2024-11-01,454956.21,797599,steamcharts,,,,,,44274.70000000001,0.10780787282096038,90873.0
Dota 2,570,2024-12-01,437635.69,744163,steamcharts,,,,,,-17320.52000000002,-0.03807074091812046,-53436.0
Dota 2,570,2025-01-01,446491.16,719825,steamcharts,,,,,,8855.469999999972,0.020234798491868933,-24338.0
Dota 2,570,2025-02-01,431748.69,708043,steamcharts,,,,,,-14742.469999999972,-0.03301850365861658,-11782.0
Dota 2,570,2025-03-01,402851.23,656279,steamcharts,,,,,,-28897.46000000002,-0.06693120481732096,-51764.0
Dota 2,570,2025-04-01,393173.22,630716,steamcharts,,,,,,-9678.01000000001,-0.024023781682384393,-25563.0
Dota 2,570,2025-05-01,408987.68,657074,steamcharts,,,,,,15814.460000000021,0.04022262757366857,26358.0
Dota 2,570,2025-06-01,411123.31,650259,steamcharts,,,,,,2135.6300000000047,0.005221746532805049,-6815.0
Dota 2,570,2025-07-01,426672.67,657349,steamcharts,,,,,,15549.359999999986,0.03782164528690912,7090.0
Dota 2,570,2025-08-01,532355.19,818732,steamcharts,,,,,,105682.51999999996,0.24768992117540578,161383.0
Dota 2,570,2025-09-01,580820.63,953869,steamcharts,,,,,,48465.44000000006,0.09103966845894762,135137.0
Dota 2,570,2025-10-01,538998.03,858940,steamcharts,,,,,,-41822.59999999998,-0.07200605116247327,-94929.0
Dota 2,570,2025-11-01,583743.77,903303,steamcharts,,,,,,44745.73999999999,0.08301651863180282,44363.0
Dota 2,570,2025-12-01,594289.94,903542,steamcharts,,,,,,10546.169999999925,0.018066436923172446,239.0
Dota 2,570,2026-01-01,569324.18,855690,steamcharts,,,,,,-24965.759999999893,-0.042009393596667444,-47852.0
Dota 2,570,2026-02-01,597009.82,869734,steamcharts,,,,,,27685.639999999898,0.048628955123599216,14044.0
Dota 2,570,2026-03-01,477855.57,859016,steamcharts,,,,,,-119154.24999999994,-0.19958507550177307,-10718.0
Dota 2,570,2026-04-01,425918.58,695006,steamcharts,,,,,,-51936.98999999999,-0.10868763128574599,-164010.0
Z1 Battle Royale,433850,2016-02-01,14039.58,20916,steamcharts,,,,,,,,
Z1 Battle Royale,433850,2016-03-01,11275.41,19414,steamcharts,,,,,,-2764.17,-0.19688409482334945,-1502.0
Z1 Battle Royale,433850,2016-04-01,8773.95,14312,steamcharts,,,,,,-2501.459999999999,-0.22185091273842805,-5102.0
Z1 Battle Royale,433850,2016-05-01,8231.03,15118,steamcharts,,,,,,-542.9200000000001,-0.06187862935166033,806.0
Z1 Battle Royale,433850,2016-06-01,8024.58,12895,steamcharts,,,,,,-206.45000000000073,-0.025081915629028284,-2223.0
Z1 Battle Royale,433850,2016-07-01,7844.99,11969,steamcharts,,,,,,-179.59000000000015,-0.022379987488441833,-926.0
Z1 Battle Royale,433850,2016-08-01,8445.1,14232,steamcharts,,,,,,600.1100000000006,0.07649595474309079,2263.0
Z1 Battle Royale,433850,2016-09-01,9658.93,24677,steamcharts,,,,,,1213.83,0.14373186818391726,10445.0
Z1 Battle Royale,433850,2016-10-01,15579.54,27893,steamcharts,,,,,,5920.610000000001,0.6129674819053457,3216.0
Z1 Battle Royale,433850,2016-11-01,16185.32,27399,steamcharts,,,,,,605.7799999999988,0.038883047894867184,-494.0
Z1 Battle Royale,433850,2016-12-01,21057.4,40645,steamcharts,,,,,,4872.080000000002,0.30101845375933256,13246.0
Z1 Battle Royale,433850,2017-01-01,29943.92,50537,steamcharts,,,,,,8886.519999999997,0.4220141138032234,9892.0
Z1 Battle Royale,433850,2017-02-01,41964.14,97404,steamcharts,,,,,,12020.220000000001,0.40142439600426405,46867.0
Z1 Battle Royale,433850,2017-03-01,62621.01,123838,steamcharts,,,,,,20656.870000000003,0.4922505262826786,26434.0
Z1 Battle Royale,433850,2017-04-01,69158.12,137985,steamcharts,,,,,,6537.109999999993,0.10439164108020593,14147.0
Z1 Battle Royale,433850,2017-05-01,68237.59,124069,steamcharts,,,,,,-920.5299999999988,-0.013310512200158109,-13916.0
Z1 Battle Royale,433850,2017-06-01,71254.26,134487,steamcharts,,,,,,3016.6699999999983,0.044208331507604504,10418.0
Z1 Battle Royale,433850,2017-07-01,86807.87,150179,steamcharts,,,,,,15553.61,0.2182832296623387,15692.0
Z1 Battle Royale,433850,2017-08-01,72379.84,141064,steamcharts,,,,,,-14428.029999999999,-0.16620647413650402,-9115.0
Z1 Battle Royale,433850,2017-09-01,46491.72,105111,steamcharts,,,,,,-25888.119999999995,-0.357670312617436,-35953.0
Z1 Battle Royale,433850,2017-10-01,31263.39,63253,steamcharts,,,,,,-15228.330000000002,-0.3275492926482393,-41858.0
Z1 Battle Royale,433850,2017-11-01,20748.28,42289,steamcharts,,,,,,-10515.11,-0.33633940529162065,-20964.0
Z1 Battle Royale,433850,2017-12-01,19106.42,43250,steamcharts,,,,,,-1641.8600000000006,-0.07913234253634527,961.0
Z1 Battle Royale,433850,2018-01-01,12146.55,23231,steamcharts,,,,,,-6959.869999999999,-0.3642686594348915,-20019.0
Z1 Battle Royale,433850,2018-02-01,7162.68,14518,steamcharts,,,,,,-4983.869999999999,-0.4103115699519616,-8713.0
Z1 Battle Royale,433850,2018-03-01,13673.01,41891,steamcharts,,,,,,6510.33,0.908923754795691,27373.0
Z1 Battle Royale,433850,2018-04-01,6798.93,14339,steamcharts,,,,,,-6874.08,-0.5027481147165108,-27552.0
Z1 Battle Royale,433850,2018-05-01,5159.27,9446,steamcharts,,,,,,-1639.6599999999999,-0.24116441851879633,-4893.0
Z1 Battle Royale,433850,2018-06-01,5877.05,11302,steamcharts,,,,,,717.7799999999997,0.13912433348128705,1856.0
Z1 Battle Royale,433850,2018-07-01,4794.47,9985,steamcharts,,,,,,-1082.58,-0.18420466050144202,-1317.0
Z1 Battle Royale,433850,2018-08-01,3154.24,5914,steamcharts,,,,,,-1640.2300000000005,-0.3421087210890882,-4071.0
Z1 Battle Royale,433850,2018-09-01,2935.33,7001,steamcharts,,,,,,-218.90999999999985,-0.06940182104088466,1087.0
Z1 Battle Royale,433850,2018-10-01,2454.17,4927,steamcharts,,,,,,-481.15999999999985,-0.16392024065437272,-2074.0
Z1 Battle Royale,433850,2018-11-01,2984.65,8534,steamcharts,,,,,,530.48,0.21615454512116106,3607.0
Z1 Battle Royale,433850,2018-12-01,1854.7,4010,steamcharts,,,,,,-1129.95,-0.3785871040155462,-4524.0
Z1 Battle Royale,433850,2019-01-01,1673.0,3574,steamcharts,,,,,,-181.70000000000005,-0.09796732625222415,-436.0
Z1 Battle Royale,433850,2019-02-01,1079.08,2050,steamcharts,,,,,,-593.9200000000001,-0.35500298864315605,-1524.0
Z1 Battle Royale,433850,2019-03-01,4294.8,12731,steamcharts,,,,,,3215.7200000000003,2.9800570856655675,10681.0
Z1 Battle Royale,433850,2019-04-01,1648.93,4694,steamcharts,,,,,,-2645.87,-0.6160636118096303,-8037.0
Z1 Battle Royale,433850,2019-05-01,1145.39,3416,steamcharts,,,,,,-503.53999999999996,-0.3053737878503029,-1278.0
Z1 Battle Royale,433850,2019-06-01,782.07,1805,steamcharts,,,,,,-363.32000000000005,-0.3172020010651394,-1611.0
Z1 Battle Royale,433850,2019-07-01,542.38,1018,steamcharts,,,,,,-239.69000000000005,-0.3064815169997571,-787.0
Z1 Battle Royale,433850,2019-08-01,459.29,820,steamcharts,,,,,,-83.08999999999997,-0.1531951768133043,-198.0
Z1 Battle Royale,433850,2019-09-01,365.48,746,steamcharts,,,,,,-93.81,-0.20425003810228826,-74.0
Z1 Battle Royale,433850,2019-10-01,316.81,1201,steamcharts,,,,,,-48.670000000000016,-0.13316734157819854,455.0
Z1 Battle Royale,433850,2019-11-01,274.06,623,steamcharts,,,,,,-42.75,-0.1349389223825006,-578.0
Z1 Battle Royale,433850,2019-12-01,248.44,496,steamcharts,,,,,,-25.620000000000005,-0.09348317886594182,-127.0
Z1 Battle Royale,433850,2020-01-01,2525.85,9562,steamcharts,,,,,,2277.41,9.166841088391562,9066.0
Z1 Battle Royale,433850,2020-02-01,1709.8,6721,steamcharts,,,,,,-816.05,-0.32307935942356036,-2841.0
Z1 Battle Royale,433850,2020-03-01,469.54,1328,steamcharts,,,,,,-1240.26,-0.7253830857410224,-5393.0
Z1 Battle Royale,433850,2020-04-01,307.8,892,steamcharts,,,,,,-161.74,-0.3444647953316011,-436.0
Z1 Battle Royale,433850,2020-05-01,232.38,409,steamcharts,,,,,,-75.42000000000002,-0.24502923976608193,-483.0
Z1 Battle Royale,433850,2020-06-01,182.71,369,steamcharts,,,,,,-49.66999999999999,-0.21374472846200188,-40.0
Z1 Battle Royale,433850,2020-07-01,194.71,489,steamcharts,,,,,,12.0,0.06567785014503857,120.0
Z1 Battle Royale,433850,2020-08-01,248.27,535,steamcharts,,,,,,53.56,0.2750757536849673,46.0
Z1 Battle Royale,433850,2020-09-01,195.34,398,steamcharts,,,,,,-52.93000000000001,-0.21319531155596727,-137.0
Z1 Battle Royale,433850,2020-10-01,159.93,311,steamcharts,,,,,,-35.41,-0.18127367666632532,-87.0
Z1 Battle Royale,433850,2020-11-01,199.16,2028,steamcharts,,,,,,39.22999999999999,0.24529481648221085,1717.0
Z1 Battle Royale,433850,2020-12-01,198.97,442,steamcharts,,,,,,-0.18999999999999773,-0.0009540068286804093,-1586.0
Z1 Battle Royale,433850,2021-01-01,201.86,412,steamcharts,,,,,,2.890000000000015,0.014524802734080522,-30.0
Z1 Battle Royale,433850,2021-02-01,189.05,372,steamcharts,,,,,,-12.810000000000002,-0.06345982364014668,-40.0
Z1 Battle Royale,433850,2021-03-01,2236.22,7544,steamcharts,,,,,,2047.1699999999998,10.828722560169266,7172.0
Z1 Battle Royale,433850,2021-04-01,1023.61,3688,steamcharts,,,,,,-1212.6099999999997,-0.5422588117448193,-3856.0
Z1 Battle Royale,433850,2021-05-01,280.14,728,steamcharts,,,,,,-743.47,-0.726321548245914,-2960.0
Z1 Battle Royale,433850,2021-06-01,168.47,455,steamcharts,,,,,,-111.66999999999999,-0.3986221175126722,-273.0
Z1 Battle Royale,433850,2021-07-01,135.65,392,steamcharts,,,,,,-32.81999999999999,-0.19481213272392706,-63.0
Z1 Battle Royale,433850,2021-08-01,114.73,244,steamcharts,,,,,,-20.92,-0.1542204201990417,-148.0
Z1 Battle Royale,433850,2021-09-01,105.48,258,steamcharts,,,,,,-9.25,-0.08062407391266446,14.0
Z1 Battle Royale,433850,2021-10-01,102.48,549,steamcharts,,,,,,-3.0,-0.028441410693970437,291.0
Z1 Battle Royale,433850,2021-11-01,79.33,183,steamcharts,,,,,,-23.150000000000006,-0.22589773614363784,-366.0
Z1 Battle Royale,433850,2021-12-01,256.84,895,steamcharts,,,,,,177.51,2.237615025841422,712.0
Z1 Battle Royale,433850,2022-01-01,186.45,787,steamcharts,,,,,,-70.38999999999999,-0.2740616726366609,-108.0
Z1 Battle Royale,433850,2022-02-01,93.91,326,steamcharts,,,,,,-92.53999999999999,-0.4963260927862697,-461.0
Z1 Battle Royale,433850,2022-03-01,112.04,350,steamcharts,,,,,,18.13000000000001,0.1930571824086893,24.0
Z1 Battle Royale,433850,2022-04-01,88.54,257,steamcharts,,,,,,-23.5,-0.20974651910032127,-93.0
Z1 Battle Royale,433850,2022-05-01,88.0,264,steamcharts,,,,,,-0.5400000000000063,-0.006098938332956938,7.0
Z1 Battle Royale,433850,2022-06-01,96.93,271,steamcharts,,,,,,8.930000000000007,0.1014772727272728,7.0
Z1 Battle Royale,433850,2022-07-01,88.88,272,steamcharts,,,,,,-8.050000000000011,-0.08304962343959565,1.0
Z1 Battle Royale,433850,2022-08-01,96.55,322,steamcharts,,,,,,7.670000000000002,0.0862961296129614,50.0
Z1 Battle Royale,433850,2022-09-01,66.31,184,steamcharts,,,,,,-30.239999999999995,-0.313205592957017,-138.0
Z1 Battle Royale,433850,2022-10-01,56.13,189,steamcharts,,,,,,-10.18,-0.15352133916453026,5.0
Z1 Battle Royale,433850,2022-11-01,49.11,146,steamcharts,,,,,,-7.020000000000003,-0.125066809192945,-43.0
Z1 Battle Royale,433850,2022-12-01,48.61,161,steamcharts,,,,,,-0.5,-0.01018122581958869,15.0
Z1 Battle Royale,433850,2023-01-01,64.22,113,steamcharts,,,,,,15.61,0.32112734005348686,-48.0
Z1 Battle Royale,433850,2023-02-01,71.79,277,steamcharts,,,,,,7.570000000000007,0.11787605107443166,164.0
Z1 Battle Royale,433850,2023-03-01,211.66,530,steamcharts,,,,,,139.87,1.9483214932441841,253.0
Z1 Battle Royale,433850,2023-04-01,394.81,1365,steamcharts,,,,,,183.15,0.8653028441840689,835.0
Z1 Battle Royale,433850,2023-05-01,1062.22,1378,steamcharts,,,,,,667.4100000000001,1.6904587016539603,13.0
Z1 Battle Royale,433850,2023-06-01,964.01,1226,steamcharts,,,,,,-98.21000000000004,-0.09245730639603855,-152.0
Z1 Battle Royale,433850,2023-07-01,961.21,1113,steamcharts,,,,,,-2.7999999999999545,-0.0029045341853299877,-113.0
Z1 Battle Royale,433850,2023-08-01,1035.55,1493,steamcharts,,,,,,74.33999999999992,0.07734001935061019,380.0
Z1 Battle Royale,433850,2023-09-01,1027.66,1242,steamcharts,,,,,,-7.889999999999873,-0.0076191395876585855,-251.0
Z1 Battle Royale,433850,2023-10-01,531.33,1178,steamcharts,,,,,,-496.33000000000004,-0.48297102154409044,-64.0
Z1 Battle Royale,433850,2023-11-01,45.66,119,steamcharts,,,,,,-485.6700000000001,-0.914064705550223,-1059.0
Z1 Battle Royale,433850,2023-12-01,359.21,1140,steamcharts,,,,,,313.54999999999995,6.867060884800701,1021.0
Z1 Battle Royale,433850,2024-01-01,1007.79,1198,steamcharts,,,,,,648.5799999999999,1.8055733414994015,58.0
Z1 Battle Royale,433850,2024-02-01,1009.74,1268,steamcharts,,,,,,1.9500000000000455,0.0019349269192987517,70.0
Z1 Battle Royale,433850,2024-03-01,865.32,1202,steamcharts,,,,,,-144.41999999999996,-0.14302691782042898,-66.0
Z1 Battle Royale,433850,2024-04-01,1014.96,1183,steamcharts,,,,,,149.64,0.17293024545832747,-19.0
Z1 Battle Royale,433850,2024-05-01,1015.08,1151,steamcharts,,,,,,0.12000000000000455,0.00011823126034515852,-32.0
Z1 Battle Royale,433850,2024-06-01,869.69,1089,steamcharts,,,,,,-145.39,-0.14323009023919298,-62.0
Z1 Battle Royale,433850,2024-07-01,1017.71,1133,steamcharts,,,,,,148.01999999999998,0.1701985765042715,44.0
Z1 Battle Royale,433850,2024-08-01,432.42,1056,steamcharts,,,,,,-585.29,-0.5751048923563686,-77.0
Z1 Battle Royale,433850,2024-09-01,504.23,1016,steamcharts,,,,,,71.81,0.16606539938023213,-40.0
Z1 Battle Royale,433850,2024-10-01,503.13,551,steamcharts,,,,,,-1.1000000000000227,-0.0021815441366043187,-465.0
Z1 Battle Royale,433850,2024-11-01,751.68,822,steamcharts,,,,,,248.54999999999995,0.49400751296881507,271.0
Z1 Battle Royale,433850,2024-12-01,763.84,940,steamcharts,,,,,,12.160000000000082,0.01617709663686684,118.0
Z1 Battle Royale,433850,2025-01-01,841.35,1183,steamcharts,,,,,,77.50999999999999,0.1014741307080016,243.0
Z1 Battle Royale,433850,2025-02-01,810.57,1126,steamcharts,,,,,,-30.779999999999973,-0.03658406133000536,-57.0
Z1 Battle Royale,433850,2025-03-01,784.77,964,steamcharts,,,,,,-25.800000000000068,-0.03182945334764431,-162.0
Z1 Battle Royale,433850,2025-04-01,765.35,923,steamcharts,,,,,,-19.41999999999996,-0.024746103954024656,-41.0
Z1 Battle Royale,433850,2025-05-01,811.44,1113,steamcharts,,,,,,46.09000000000003,0.06022081400666357,190.0
Z1 Battle Royale,433850,2025-06-01,887.86,1029,steamcharts,,,,,,76.41999999999996,0.09417825101054911,-84.0
Z1 Battle Royale,433850,2025-07-01,972.24,1031,steamcharts,,,,,,84.38,0.09503750591309434,2.0
Z1 Battle Royale,433850,2025-08-01,958.79,1022,steamcharts,,,,,,-13.450000000000045,-0.013834032749115543,-9.0
Z1 Battle Royale,433850,2025-09-01,967.3,1138,steamcharts,,,,,,8.509999999999991,0.008875770502404068,116.0
Z1 Battle Royale,433850,2025-10-01,965.09,1017,steamcharts,,,,,,-2.2099999999999227,-0.002284710017574576,-121.0
Z1 Battle Royale,433850,2025-11-01,975.92,1084,steamcharts,,,,,,10.829999999999927,0.011221751339253183,67.0
Z1 Battle Royale,433850,2025-12-01,974.94,1077,steamcharts,,,,,,-0.9799999999999045,-0.0010041806705466394,-7.0
Z1 Battle Royale,433850,2026-01-01,987.65,1066,steamcharts,,,,,,12.709999999999923,0.01303669969434007,-11.0
Z1 Battle Royale,433850,2026-02-01,986.17,1187,steamcharts,,,,,,-1.4800000000000182,-0.0014985065559661725,121.0
Z1 Battle Royale,433850,2026-03-01,836.0,1035,steamcharts,,,,,,-150.16999999999996,-0.15227597675857096,-152.0
Z1 Battle Royale,433850,2026-04-01,238.45,1027,steamcharts,,,,,,-597.55,-0.7147727272727273,-8.0
New World,1063730,2021-10-01,410170.71,913027,steamcharts,,,,,,,,
New World,1063730,2021-11-01,155169.01,357188,steamcharts,,,,,,-255001.7,-0.6216965126544507,-555839.0
New World,1063730,2021-12-01,83175.96,145038,steamcharts,,,,,,-71993.05,-0.4639653884496653,-212150.0
New World,1063730,2022-01-01,65106.82,117042,steamcharts,,,,,,-18069.140000000007,-0.21723993326918023,-27996.0
New World,1063730,2022-02-01,32387.84,67943,steamcharts,,,,,,-32718.98,-0.5025430515574252,-49099.0
New World,1063730,2022-03-01,21039.39,34098,steamcharts,,,,,,-11348.45,-0.3503923077303087,-33845.0
New World,1063730,2022-04-01,21802.14,37734,steamcharts,,,,,,762.75,0.03625342749956162,3636.0
New World,1063730,2022-05-01,16575.47,28373,steamcharts,,,,,,-5226.669999999998,-0.23973197126520596,-9361.0
New World,1063730,2022-06-01,13615.35,22565,steamcharts,,,,,,-2960.120000000001,-0.17858437799953786,-5808.0
New World,1063730,2022-07-01,13298.85,26604,steamcharts,,,,,,-316.5,-0.023245821811411438,4039.0
New World,1063730,2022-08-01,16504.01,25505,steamcharts,,,,,,3205.159999999998,0.24101031292179376,-1099.0
New World,1063730,2022-09-01,25269.19,45745,steamcharts,,,,,,8765.18,0.5310939583773884,20240.0
New World,1063730,2022-10-01,34743.96,69605,steamcharts,,,,,,9474.77,0.3749534512186581,23860.0
New World,1063730,2022-11-01,67758.63,137755,steamcharts,,,,,,33014.670000000006,0.9502276079065255,68150.0
New World,1063730,2022-12-01,41772.17,73970,steamcharts,,,,,,-25986.460000000006,-0.3835151330539004,-63785.0
New World,1063730,2023-01-01,28509.0,49914,steamcharts,,,,,,-13263.169999999998,-0.31751211392656875,-24056.0
New World,1063730,2023-02-01,19073.19,32988,steamcharts,,,,,,-9435.810000000001,-0.33097653372619174,-16926.0
New World,1063730,2023-03-01,14959.92,24140,steamcharts,,,,,,-4113.269999999999,-0.21565716065325202,-8848.0
New World,1063730,2023-04-01,16910.26,28227,steamcharts,,,,,,1950.3399999999983,0.13037101802683426,4087.0
New World,1063730,2023-05-01,14328.13,23468,steamcharts,,,,,,-2582.129999999999,-0.15269605553078425,-4759.0
New World,1063730,2023-06-01,11352.77,20288,steamcharts,,,,,,-2975.3599999999988,-0.207658640729809,-3180.0
New World,1063730,2023-07-01,14827.43,25878,steamcharts,,,,,,3474.66,0.30606274944352796,5590.0
New World,1063730,2023-08-01,12044.27,20091,steamcharts,,,,,,-2783.16,-0.18770346580627928,-5787.0
New World,1063730,2023-09-01,14023.68,25912,steamcharts,,,,,,1979.4099999999999,0.16434453893843304,5821.0
New World,1063730,2023-10-01,37395.31,77642,steamcharts,,,,,,23371.629999999997,1.6665832363545086,51730.0
New World,1063730,2023-11-01,24532.44,45836,steamcharts,,,,,,-12862.869999999999,-0.34397013957097833,-31806.0
New World,1063730,2023-12-01,18224.74,30227,steamcharts,,,,,,-6307.699999999997,-0.25711669935807435,-15609.0
New World,1063730,2024-01-01,16347.25,29121,steamcharts,,,,,,-1877.4900000000016,-0.1030187536283097,-1106.0
New World,1063730,2024-02-01,10657.82,17532,steamcharts,,,,,,-5689.43,-0.34803590818027497,-11589.0
New World,1063730,2024-03-01,9129.22,14400,steamcharts,,,,,,-1528.6000000000004,-0.1434252032779687,-3132.0
New World,1063730,2024-04-01,7717.73,13046,steamcharts,,,,,,-1411.4899999999998,-0.15461233270750407,-1354.0
New World,1063730,2024-05-01,6181.73,9783,steamcharts,,,,,,-1536.0,-0.19902225136147544,-3263.0
New World,1063730,2024-06-01,5073.51,8466,steamcharts,,,,,,-1108.2199999999993,-0.17927343963582998,-1317.0
New World,1063730,2024-07-01,3640.92,6208,steamcharts,,,,,,-1432.5900000000001,-0.28236664557673097,-2258.0
New World,1063730,2024-08-01,3285.53,5095,steamcharts,,,,,,-355.3899999999999,-0.09760994473924167,-1113.0
New World,1063730,2024-09-01,4326.23,8711,steamcharts,,,,,,1040.6999999999994,0.3167525482950999,3616.0
New World,1063730,2024-10-01,20523.36,61364,steamcharts,,,,,,16197.130000000001,3.74393640652485,52653.0
New World,1063730,2024-11-01,22227.53,44245,steamcharts,,,,,,1704.1699999999983,0.08303562379649332,-17119.0
New World,1063730,2024-12-01,12453.1,25111,steamcharts,,,,,,-9774.429999999998,-0.43974431706986783,-19134.0
New World,1063730,2025-01-01,10042.66,17046,steamcharts,,,,,,-2410.4400000000005,-0.1935614425323815,-8065.0
New World,1063730,2025-02-01,8720.19,14588,steamcharts,,,,,,-1322.4699999999993,-0.1316852308053842,-2458.0
New World,1063730,2025-03-01,6882.99,11570,steamcharts,,,,,,-1837.2000000000007,-0.21068348281402127,-3018.0
New World,1063730,2025-04-01,5593.51,8509,steamcharts,,,,,,-1289.4799999999996,-0.18734300064361553,-3061.0
New World,1063730,2025-05-01,5914.14,9633,steamcharts,,,,,,320.6300000000001,0.05732178900189688,1124.0
New World,1063730,2025-06-01,5328.53,9253,steamcharts,,,,,,-585.6100000000006,-0.09901862316414567,-380.0
New World,1063730,2025-07-01,6042.29,10969,steamcharts,,,,,,713.7600000000002,0.13395063929451467,1716.0
New World,1063730,2025-08-01,8497.58,13351,steamcharts,,,,,,2455.29,0.406350903382658,2382.0
New World,1063730,2025-09-01,9062.51,17482,steamcharts,,,,,,564.9300000000003,0.06648128055281632,4131.0
New World,1063730,2025-10-01,21285.96,50987,steamcharts,,,,,,12223.449999999999,1.3487929944353163,33505.0
New World,1063730,2025-11-01,3712.2,9582,steamcharts,,,,,,-17573.76,-0.8256033554511988,-41405.0
New World,1063730,2025-12-01,1222.01,2278,steamcharts,,,,,,-2490.1899999999996,-0.6708124562254189,-7304.0
New World,1063730,2026-01-01,933.55,1703,steamcharts,,,,,,-288.46000000000004,-0.23605371478138482,-575.0
New World,1063730,2026-02-01,738.5,1367,steamcharts,,,,,,-195.04999999999995,-0.20893364040490592,-336.0
New World,1063730,2026-03-01,581.71,1093,steamcharts,,,,,,-156.78999999999996,-0.2123087339201083,-274.0
New World,1063730,2026-04-01,579.27,975,steamcharts,,,,,,-2.4400000000000546,-0.004194529920407142,-118.0
